ID,Name,Height,Weight,Types,Abilities,Stats
1,bulbasaur,7,69,"grass, poison","overgrow, chlorophyll","{'hp': 45, 'attack': 49, 'defense': 49, 'special-attack': 65, 'special-defense': 65, 'speed': 45}"
2,ivysaur,10,130,"grass, poison","overgrow, chlorophyll","{'hp': 60, 'attack': 62, 'defense': 63, 'special-attack': 80, 'special-defense': 80, 'speed': 60}"
3,venusaur,20,1000,"grass, poison","overgrow, chlorophyll","{'hp': 80, 'attack': 82, 'defense': 83, 'special-attack': 100, 'special-defense': 100, 'speed': 80}"
4,charmander,6,85,fire,"blaze, solar-power","{'hp': 39, 'attack': 52, 'defense': 43, 'special-attack': 60, 'special-defense': 50, 'speed': 65}"
5,charmeleon,11,190,fire,"blaze, solar-power","{'hp': 58, 'attack': 64, 'defense': 58, 'special-attack': 80, 'special-defense': 65, 'speed': 80}"
6,charizard,17,905,"fire, flying","blaze, solar-power","{'hp': 78, 'attack': 84, 'defense': 78, 'special-attack': 109, 'special-defense': 85, 'speed': 100}"
7,squirtle,5,90,water,"torrent, rain-dish","{'hp': 44, 'attack': 48, 'defense': 65, 'special-attack': 50, 'special-defense': 64, 'speed': 43}"
8,wartortle,10,225,water,"torrent, rain-dish","{'hp': 59, 'attack': 63, 'defense': 80, 'special-attack': 65, 'special-defense': 80, 'speed': 58}"
9,blastoise,16,855,water,"torrent, rain-dish","{'hp': 79, 'attack': 83, 'defense': 100, 'special-attack': 85, 'special-defense': 105, 'speed': 78}"
10,caterpie,3,29,bug,"shield-dust, run-away","{'hp': 45, 'attack': 30, 'defense': 35, 'special-attack': 20, 'special-defense': 20, 'speed': 45}"
11,metapod,7,99,bug,shed-skin,"{'hp': 50, 'attack': 20, 'defense': 55, 'special-attack': 25, 'special-defense': 25, 'speed': 30}"
12,butterfree,11,320,"bug, flying","compound-eyes, tinted-lens","{'hp': 60, 'attack': 45, 'defense': 50, 'special-attack': 90, 'special-defense': 80, 'speed': 70}"
13,weedle,3,32,"bug, poison","shield-dust, run-away","{'hp': 40, 'attack': 35, 'defense': 30, 'special-attack': 20, 'special-defense': 20, 'speed': 50}"
14,kakuna,6,100,"bug, poison",shed-skin,"{'hp': 45, 'attack': 25, 'defense': 50, 'special-attack': 25, 'special-defense': 25, 'speed': 35}"
15,beedrill,10,295,"bug, poison","swarm, sniper","{'hp': 65, 'attack': 90, 'defense': 40, 'special-attack': 45, 'special-defense': 80, 'speed': 75}"
16,pidgey,3,18,"normal, flying","keen-eye, tangled-feet, big-pecks","{'hp': 40, 'attack': 45, 'defense': 40, 'special-attack': 35, 'special-defense': 35, 'speed': 56}"
17,pidgeotto,11,300,"normal, flying","keen-eye, tangled-feet, big-pecks","{'hp': 63, 'attack': 60, 'defense': 55, 'special-attack': 50, 'special-defense': 50, 'speed': 71}"
18,pidgeot,15,395,"normal, flying","keen-eye, tangled-feet, big-pecks","{'hp': 83, 'attack': 80, 'defense': 75, 'special-attack': 70, 'special-defense': 70, 'speed': 101}"
19,rattata,3,35,normal,"run-away, guts, hustle","{'hp': 30, 'attack': 56, 'defense': 35, 'special-attack': 25, 'special-defense': 35, 'speed': 72}"
20,raticate,7,185,normal,"run-away, guts, hustle","{'hp': 55, 'attack': 81, 'defense': 60, 'special-attack': 50, 'special-defense': 70, 'speed': 97}"
21,spearow,3,20,"normal, flying","keen-eye, sniper","{'hp': 40, 'attack': 60, 'defense': 30, 'special-attack': 31, 'special-defense': 31, 'speed': 70}"
22,fearow,12,380,"normal, flying","keen-eye, sniper","{'hp': 65, 'attack': 90, 'defense': 65, 'special-attack': 61, 'special-defense': 61, 'speed': 100}"
23,ekans,20,69,poison,"intimidate, shed-skin, unnerve","{'hp': 35, 'attack': 60, 'defense': 44, 'special-attack': 40, 'special-defense': 54, 'speed': 55}"
24,arbok,35,650,poison,"intimidate, shed-skin, unnerve","{'hp': 60, 'attack': 95, 'defense': 69, 'special-attack': 65, 'special-defense': 79, 'speed': 80}"
25,pikachu,4,60,electric,"static, lightning-rod","{'hp': 35, 'attack': 55, 'defense': 40, 'special-attack': 50, 'special-defense': 50, 'speed': 90}"
26,raichu,8,300,electric,"static, lightning-rod","{'hp': 60, 'attack': 90, 'defense': 55, 'special-attack': 90, 'special-defense': 80, 'speed': 110}"
27,sandshrew,6,120,ground,"sand-veil, sand-rush","{'hp': 50, 'attack': 75, 'defense': 85, 'special-attack': 20, 'special-defense': 30, 'speed': 40}"
28,sandslash,10,295,ground,"sand-veil, sand-rush","{'hp': 75, 'attack': 100, 'defense': 110, 'special-attack': 45, 'special-defense': 55, 'speed': 65}"
29,nidoran-f,4,70,poison,"poison-point, rivalry, hustle","{'hp': 55, 'attack': 47, 'defense': 52, 'special-attack': 40, 'special-defense': 40, 'speed': 41}"
30,nidorina,8,200,poison,"poison-point, rivalry, hustle","{'hp': 70, 'attack': 62, 'defense': 67, 'special-attack': 55, 'special-defense': 55, 'speed': 56}"
31,nidoqueen,13,600,"poison, ground","poison-point, rivalry, sheer-force","{'hp': 90, 'attack': 92, 'defense': 87, 'special-attack': 75, 'special-defense': 85, 'speed': 76}"
32,nidoran-m,5,90,poison,"poison-point, rivalry, hustle","{'hp': 46, 'attack': 57, 'defense': 40, 'special-attack': 40, 'special-defense': 40, 'speed': 50}"
33,nidorino,9,195,poison,"poison-point, rivalry, hustle","{'hp': 61, 'attack': 72, 'defense': 57, 'special-attack': 55, 'special-defense': 55, 'speed': 65}"
34,nidoking,14,620,"poison, ground","poison-point, rivalry, sheer-force","{'hp': 81, 'attack': 102, 'defense': 77, 'special-attack': 85, 'special-defense': 75, 'speed': 85}"
35,clefairy,6,75,fairy,"cute-charm, magic-guard, friend-guard","{'hp': 70, 'attack': 45, 'defense': 48, 'special-attack': 60, 'special-defense': 65, 'speed': 35}"
36,clefable,13,400,fairy,"cute-charm, magic-guard, unaware","{'hp': 95, 'attack': 70, 'defense': 73, 'special-attack': 95, 'special-defense': 90, 'speed': 60}"
37,vulpix,6,99,fire,"flash-fire, drought","{'hp': 38, 'attack': 41, 'defense': 40, 'special-attack': 50, 'special-defense': 65, 'speed': 65}"
38,ninetales,11,199,fire,"flash-fire, drought","{'hp': 73, 'attack': 76, 'defense': 75, 'special-attack': 81, 'special-defense': 100, 'speed': 100}"
39,jigglypuff,5,55,"normal, fairy","cute-charm, competitive, friend-guard","{'hp': 115, 'attack': 45, 'defense': 20, 'special-attack': 45, 'special-defense': 25, 'speed': 20}"
40,wigglytuff,10,120,"normal, fairy","cute-charm, competitive, frisk","{'hp': 140, 'attack': 70, 'defense': 45, 'special-attack': 85, 'special-defense': 50, 'speed': 45}"
41,zubat,8,75,"poison, flying","inner-focus, infiltrator","{'hp': 40, 'attack': 45, 'defense': 35, 'special-attack': 30, 'special-defense': 40, 'speed': 55}"
42,golbat,16,550,"poison, flying","inner-focus, infiltrator","{'hp': 75, 'attack': 80, 'defense': 70, 'special-attack': 65, 'special-defense': 75, 'speed': 90}"
43,oddish,5,54,"grass, poison","chlorophyll, run-away","{'hp': 45, 'attack': 50, 'defense': 55, 'special-attack': 75, 'special-defense': 65, 'speed': 30}"
44,gloom,8,86,"grass, poison","chlorophyll, stench","{'hp': 60, 'attack': 65, 'defense': 70, 'special-attack': 85, 'special-defense': 75, 'speed': 40}"
45,vileplume,12,186,"grass, poison","chlorophyll, effect-spore","{'hp': 75, 'attack': 80, 'defense': 85, 'special-attack': 110, 'special-defense': 90, 'speed': 50}"
46,paras,3,54,"bug, grass","effect-spore, dry-skin, damp","{'hp': 35, 'attack': 70, 'defense': 55, 'special-attack': 45, 'special-defense': 55, 'speed': 25}"
47,parasect,10,295,"bug, grass","effect-spore, dry-skin, damp","{'hp': 60, 'attack': 95, 'defense': 80, 'special-attack': 60, 'special-defense': 80, 'speed': 30}"
48,venonat,10,300,"bug, poison","compound-eyes, tinted-lens, run-away","{'hp': 60, 'attack': 55, 'defense': 50, 'special-attack': 40, 'special-defense': 55, 'speed': 45}"
49,venomoth,15,125,"bug, poison","shield-dust, tinted-lens, wonder-skin","{'hp': 70, 'attack': 65, 'defense': 60, 'special-attack': 90, 'special-defense': 75, 'speed': 90}"
50,diglett,2,8,ground,"sand-veil, arena-trap, sand-force","{'hp': 10, 'attack': 55, 'defense': 25, 'special-attack': 35, 'special-defense': 45, 'speed': 95}"
51,dugtrio,7,333,ground,"sand-veil, arena-trap, sand-force","{'hp': 35, 'attack': 100, 'defense': 50, 'special-attack': 50, 'special-defense': 70, 'speed': 120}"
52,meowth,4,42,normal,"pickup, technician, unnerve","{'hp': 40, 'attack': 45, 'defense': 35, 'special-attack': 40, 'special-defense': 40, 'speed': 90}"
53,persian,10,320,normal,"limber, technician, unnerve","{'hp': 65, 'attack': 70, 'defense': 60, 'special-attack': 65, 'special-defense': 65, 'speed': 115}"
54,psyduck,8,196,water,"damp, cloud-nine, swift-swim","{'hp': 50, 'attack': 52, 'defense': 48, 'special-attack': 65, 'special-defense': 50, 'speed': 55}"
55,golduck,17,766,water,"damp, cloud-nine, swift-swim","{'hp': 80, 'attack': 82, 'defense': 78, 'special-attack': 95, 'special-defense': 80, 'speed': 85}"
56,mankey,5,280,fighting,"vital-spirit, anger-point, defiant","{'hp': 40, 'attack': 80, 'defense': 35, 'special-attack': 35, 'special-defense': 45, 'speed': 70}"
57,primeape,10,320,fighting,"vital-spirit, anger-point, defiant","{'hp': 65, 'attack': 105, 'defense': 60, 'special-attack': 60, 'special-defense': 70, 'speed': 95}"
58,growlithe,7,190,fire,"intimidate, flash-fire, justified","{'hp': 55, 'attack': 70, 'defense': 45, 'special-attack': 70, 'special-defense': 50, 'speed': 60}"
59,arcanine,19,1550,fire,"intimidate, flash-fire, justified","{'hp': 90, 'attack': 110, 'defense': 80, 'special-attack': 100, 'special-defense': 80, 'speed': 95}"
60,poliwag,6,124,water,"water-absorb, damp, swift-swim","{'hp': 40, 'attack': 50, 'defense': 40, 'special-attack': 40, 'special-defense': 40, 'speed': 90}"
61,poliwhirl,10,200,water,"water-absorb, damp, swift-swim","{'hp': 65, 'attack': 65, 'defense': 65, 'special-attack': 50, 'special-defense': 50, 'speed': 90}"
62,poliwrath,13,540,"water, fighting","water-absorb, damp, swift-swim","{'hp': 90, 'attack': 95, 'defense': 95, 'special-attack': 70, 'special-defense': 90, 'speed': 70}"
63,abra,9,195,psychic,"synchronize, inner-focus, magic-guard","{'hp': 25, 'attack': 20, 'defense': 15, 'special-attack': 105, 'special-defense': 55, 'speed': 90}"
64,kadabra,13,565,psychic,"synchronize, inner-focus, magic-guard","{'hp': 40, 'attack': 35, 'defense': 30, 'special-attack': 120, 'special-defense': 70, 'speed': 105}"
65,alakazam,15,480,psychic,"synchronize, inner-focus, magic-guard","{'hp': 55, 'attack': 50, 'defense': 45, 'special-attack': 135, 'special-defense': 95, 'speed': 120}"
66,machop,8,195,fighting,"guts, no-guard, steadfast","{'hp': 70, 'attack': 80, 'defense': 50, 'special-attack': 35, 'special-defense': 35, 'speed': 35}"
67,machoke,15,705,fighting,"guts, no-guard, steadfast","{'hp': 80, 'attack': 100, 'defense': 70, 'special-attack': 50, 'special-defense': 60, 'speed': 45}"
68,machamp,16,1300,fighting,"guts, no-guard, steadfast","{'hp': 90, 'attack': 130, 'defense': 80, 'special-attack': 65, 'special-defense': 85, 'speed': 55}"
69,bellsprout,7,40,"grass, poison","chlorophyll, gluttony","{'hp': 50, 'attack': 75, 'defense': 35, 'special-attack': 70, 'special-defense': 30, 'speed': 40}"
70,weepinbell,10,64,"grass, poison","chlorophyll, gluttony","{'hp': 65, 'attack': 90, 'defense': 50, 'special-attack': 85, 'special-defense': 45, 'speed': 55}"
71,victreebel,17,155,"grass, poison","chlorophyll, gluttony","{'hp': 80, 'attack': 105, 'defense': 65, 'special-attack': 100, 'special-defense': 70, 'speed': 70}"
72,tentacool,9,455,"water, poison","clear-body, liquid-ooze, rain-dish","{'hp': 40, 'attack': 40, 'defense': 35, 'special-attack': 50, 'special-defense': 100, 'speed': 70}"
73,tentacruel,16,550,"water, poison","clear-body, liquid-ooze, rain-dish","{'hp': 80, 'attack': 70, 'defense': 65, 'special-attack': 80, 'special-defense': 120, 'speed': 100}"
74,geodude,4,200,"rock, ground","rock-head, sturdy, sand-veil","{'hp': 40, 'attack': 80, 'defense': 100, 'special-attack': 30, 'special-defense': 30, 'speed': 20}"
75,graveler,10,1050,"rock, ground","rock-head, sturdy, sand-veil","{'hp': 55, 'attack': 95, 'defense': 115, 'special-attack': 45, 'special-defense': 45, 'speed': 35}"
76,golem,14,3000,"rock, ground","rock-head, sturdy, sand-veil","{'hp': 80, 'attack': 120, 'defense': 130, 'special-attack': 55, 'special-defense': 65, 'speed': 45}"
77,ponyta,10,300,fire,"run-away, flash-fire, flame-body","{'hp': 50, 'attack': 85, 'defense': 55, 'special-attack': 65, 'special-defense': 65, 'speed': 90}"
78,rapidash,17,950,fire,"run-away, flash-fire, flame-body","{'hp': 65, 'attack': 100, 'defense': 70, 'special-attack': 80, 'special-defense': 80, 'speed': 105}"
79,slowpoke,12,360,"water, psychic","oblivious, own-tempo, regenerator","{'hp': 90, 'attack': 65, 'defense': 65, 'special-attack': 40, 'special-defense': 40, 'speed': 15}"
80,slowbro,16,785,"water, psychic","oblivious, own-tempo, regenerator","{'hp': 95, 'attack': 75, 'defense': 110, 'special-attack': 100, 'special-defense': 80, 'speed': 30}"
81,magnemite,3,60,"electric, steel","magnet-pull, sturdy, analytic","{'hp': 25, 'attack': 35, 'defense': 70, 'special-attack': 95, 'special-defense': 55, 'speed': 45}"
82,magneton,10,600,"electric, steel","magnet-pull, sturdy, analytic","{'hp': 50, 'attack': 60, 'defense': 95, 'special-attack': 120, 'special-defense': 70, 'speed': 70}"
83,farfetchd,8,150,"normal, flying","keen-eye, inner-focus, defiant","{'hp': 52, 'attack': 90, 'defense': 55, 'special-attack': 58, 'special-defense': 62, 'speed': 60}"
84,doduo,14,392,"normal, flying","run-away, early-bird, tangled-feet","{'hp': 35, 'attack': 85, 'defense': 45, 'special-attack': 35, 'special-defense': 35, 'speed': 75}"
85,dodrio,18,852,"normal, flying","run-away, early-bird, tangled-feet","{'hp': 60, 'attack': 110, 'defense': 70, 'special-attack': 60, 'special-defense': 60, 'speed': 110}"
86,seel,11,900,water,"thick-fat, hydration, ice-body","{'hp': 65, 'attack': 45, 'defense': 55, 'special-attack': 45, 'special-defense': 70, 'speed': 45}"
87,dewgong,17,1200,"water, ice","thick-fat, hydration, ice-body","{'hp': 90, 'attack': 70, 'defense': 80, 'special-attack': 70, 'special-defense': 95, 'speed': 70}"
88,grimer,9,300,poison,"stench, sticky-hold, poison-touch","{'hp': 80, 'attack': 80, 'defense': 50, 'special-attack': 40, 'special-defense': 50, 'speed': 25}"
89,muk,12,300,poison,"stench, sticky-hold, poison-touch","{'hp': 105, 'attack': 105, 'defense': 75, 'special-attack': 65, 'special-defense': 100, 'speed': 50}"
90,shellder,3,40,water,"shell-armor, skill-link, overcoat","{'hp': 30, 'attack': 65, 'defense': 100, 'special-attack': 45, 'special-defense': 25, 'speed': 40}"
91,cloyster,15,1325,"water, ice","shell-armor, skill-link, overcoat","{'hp': 50, 'attack': 95, 'defense': 180, 'special-attack': 85, 'special-defense': 45, 'speed': 70}"
92,gastly,13,1,"ghost, poison",levitate,"{'hp': 30, 'attack': 35, 'defense': 30, 'special-attack': 100, 'special-defense': 35, 'speed': 80}"
93,haunter,16,1,"ghost, poison",levitate,"{'hp': 45, 'attack': 50, 'defense': 45, 'special-attack': 115, 'special-defense': 55, 'speed': 95}"
94,gengar,15,405,"ghost, poison",cursed-body,"{'hp': 60, 'attack': 65, 'defense': 60, 'special-attack': 130, 'special-defense': 75, 'speed': 110}"
95,onix,88,2100,"rock, ground","rock-head, sturdy, weak-armor","{'hp': 35, 'attack': 45, 'defense': 160, 'special-attack': 30, 'special-defense': 45, 'speed': 70}"
96,drowzee,10,324,psychic,"insomnia, forewarn, inner-focus","{'hp': 60, 'attack': 48, 'defense': 45, 'special-attack': 43, 'special-defense': 90, 'speed': 42}"
97,hypno,16,756,psychic,"insomnia, forewarn, inner-focus","{'hp': 85, 'attack': 73, 'defense': 70, 'special-attack': 73, 'special-defense': 115, 'speed': 67}"
98,krabby,4,65,water,"hyper-cutter, shell-armor, sheer-force","{'hp': 30, 'attack': 105, 'defense': 90, 'special-attack': 25, 'special-defense': 25, 'speed': 50}"
99,kingler,13,600,water,"hyper-cutter, shell-armor, sheer-force","{'hp': 55, 'attack': 130, 'defense': 115, 'special-attack': 50, 'special-defense': 50, 'speed': 75}"
100,voltorb,5,104,electric,"soundproof, static, aftermath","{'hp': 40, 'attack': 30, 'defense': 50, 'special-attack': 55, 'special-defense': 55, 'speed': 100}"
101,electrode,12,666,electric,"soundproof, static, aftermath","{'hp': 60, 'attack': 50, 'defense': 70, 'special-attack': 80, 'special-defense': 80, 'speed': 150}"
102,exeggcute,4,25,"grass, psychic","chlorophyll, harvest","{'hp': 60, 'attack': 40, 'defense': 80, 'special-attack': 60, 'special-defense': 45, 'speed': 40}"
103,exeggutor,20,1200,"grass, psychic","chlorophyll, harvest","{'hp': 95, 'attack': 95, 'defense': 85, 'special-attack': 125, 'special-defense': 75, 'speed': 55}"
104,cubone,4,65,ground,"rock-head, lightning-rod, battle-armor","{'hp': 50, 'attack': 50, 'defense': 95, 'special-attack': 40, 'special-defense': 50, 'speed': 35}"
105,marowak,10,450,ground,"rock-head, lightning-rod, battle-armor","{'hp': 60, 'attack': 80, 'defense': 110, 'special-attack': 50, 'special-defense': 80, 'speed': 45}"
106,hitmonlee,15,498,fighting,"limber, reckless, unburden","{'hp': 50, 'attack': 120, 'defense': 53, 'special-attack': 35, 'special-defense': 110, 'speed': 87}"
107,hitmonchan,14,502,fighting,"keen-eye, iron-fist, inner-focus","{'hp': 50, 'attack': 105, 'defense': 79, 'special-attack': 35, 'special-defense': 110, 'speed': 76}"
108,lickitung,12,655,normal,"own-tempo, oblivious, cloud-nine","{'hp': 90, 'attack': 55, 'defense': 75, 'special-attack': 60, 'special-defense': 75, 'speed': 30}"
109,koffing,6,10,poison,"levitate, neutralizing-gas, stench","{'hp': 40, 'attack': 65, 'defense': 95, 'special-attack': 60, 'special-defense': 45, 'speed': 35}"
110,weezing,12,95,poison,"levitate, neutralizing-gas, stench","{'hp': 65, 'attack': 90, 'defense': 120, 'special-attack': 85, 'special-defense': 70, 'speed': 60}"
111,rhyhorn,10,1150,"ground, rock","lightning-rod, rock-head, reckless","{'hp': 80, 'attack': 85, 'defense': 95, 'special-attack': 30, 'special-defense': 30, 'speed': 25}"
112,rhydon,19,1200,"ground, rock","lightning-rod, rock-head, reckless","{'hp': 105, 'attack': 130, 'defense': 120, 'special-attack': 45, 'special-defense': 45, 'speed': 40}"
113,chansey,11,346,normal,"natural-cure, serene-grace, healer","{'hp': 250, 'attack': 5, 'defense': 5, 'special-attack': 35, 'special-defense': 105, 'speed': 50}"
114,tangela,10,350,grass,"chlorophyll, leaf-guard, regenerator","{'hp': 65, 'attack': 55, 'defense': 115, 'special-attack': 100, 'special-defense': 40, 'speed': 60}"
115,kangaskhan,22,800,normal,"early-bird, scrappy, inner-focus","{'hp': 105, 'attack': 95, 'defense': 80, 'special-attack': 40, 'special-defense': 80, 'speed': 90}"
116,horsea,4,80,water,"swift-swim, sniper, damp","{'hp': 30, 'attack': 40, 'defense': 70, 'special-attack': 70, 'special-defense': 25, 'speed': 60}"
117,seadra,12,250,water,"poison-point, sniper, damp","{'hp': 55, 'attack': 65, 'defense': 95, 'special-attack': 95, 'special-defense': 45, 'speed': 85}"
118,goldeen,6,150,water,"swift-swim, water-veil, lightning-rod","{'hp': 45, 'attack': 67, 'defense': 60, 'special-attack': 35, 'special-defense': 50, 'speed': 63}"
119,seaking,13,390,water,"swift-swim, water-veil, lightning-rod","{'hp': 80, 'attack': 92, 'defense': 65, 'special-attack': 65, 'special-defense': 80, 'speed': 68}"
120,staryu,8,345,water,"illuminate, natural-cure, analytic","{'hp': 30, 'attack': 45, 'defense': 55, 'special-attack': 70, 'special-defense': 55, 'speed': 85}"
121,starmie,11,800,"water, psychic","illuminate, natural-cure, analytic","{'hp': 60, 'attack': 75, 'defense': 85, 'special-attack': 100, 'special-defense': 85, 'speed': 115}"
122,mr-mime,13,545,"psychic, fairy","soundproof, filter, technician","{'hp': 40, 'attack': 45, 'defense': 65, 'special-attack': 100, 'special-defense': 120, 'speed': 90}"
123,scyther,15,560,"bug, flying","swarm, technician, steadfast","{'hp': 70, 'attack': 110, 'defense': 80, 'special-attack': 55, 'special-defense': 80, 'speed': 105}"
124,jynx,14,406,"ice, psychic","oblivious, forewarn, dry-skin","{'hp': 65, 'attack': 50, 'defense': 35, 'special-attack': 115, 'special-defense': 95, 'speed': 95}"
125,electabuzz,11,300,electric,"static, vital-spirit","{'hp': 65, 'attack': 83, 'defense': 57, 'special-attack': 95, 'special-defense': 85, 'speed': 105}"
126,magmar,13,445,fire,"flame-body, vital-spirit","{'hp': 65, 'attack': 95, 'defense': 57, 'special-attack': 100, 'special-defense': 85, 'speed': 93}"
127,pinsir,15,550,bug,"hyper-cutter, mold-breaker, moxie","{'hp': 65, 'attack': 125, 'defense': 100, 'special-attack': 55, 'special-defense': 70, 'speed': 85}"
128,tauros,14,884,normal,"intimidate, anger-point, sheer-force","{'hp': 75, 'attack': 100, 'defense': 95, 'special-attack': 40, 'special-defense': 70, 'speed': 110}"
129,magikarp,9,100,water,"swift-swim, rattled","{'hp': 20, 'attack': 10, 'defense': 55, 'special-attack': 15, 'special-defense': 20, 'speed': 80}"
130,gyarados,65,2350,"water, flying","intimidate, moxie","{'hp': 95, 'attack': 125, 'defense': 79, 'special-attack': 60, 'special-defense': 100, 'speed': 81}"
131,lapras,25,2200,"water, ice","water-absorb, shell-armor, hydration","{'hp': 130, 'attack': 85, 'defense': 80, 'special-attack': 85, 'special-defense': 95, 'speed': 60}"
132,ditto,3,40,normal,"limber, imposter","{'hp': 48, 'attack': 48, 'defense': 48, 'special-attack': 48, 'special-defense': 48, 'speed': 48}"
133,eevee,3,65,normal,"run-away, adaptability, anticipation","{'hp': 55, 'attack': 55, 'defense': 50, 'special-attack': 45, 'special-defense': 65, 'speed': 55}"
134,vaporeon,10,290,water,"water-absorb, hydration","{'hp': 130, 'attack': 65, 'defense': 60, 'special-attack': 110, 'special-defense': 95, 'speed': 65}"
135,jolteon,8,245,electric,"volt-absorb, quick-feet","{'hp': 65, 'attack': 65, 'defense': 60, 'special-attack': 110, 'special-defense': 95, 'speed': 130}"
136,flareon,9,250,fire,"flash-fire, guts","{'hp': 65, 'attack': 130, 'defense': 60, 'special-attack': 95, 'special-defense': 110, 'speed': 65}"
137,porygon,8,365,normal,"trace, download, analytic","{'hp': 65, 'attack': 60, 'defense': 70, 'special-attack': 85, 'special-defense': 75, 'speed': 40}"
138,omanyte,4,75,"rock, water","swift-swim, shell-armor, weak-armor","{'hp': 35, 'attack': 40, 'defense': 100, 'special-attack': 90, 'special-defense': 55, 'speed': 35}"
139,omastar,10,350,"rock, water","swift-swim, shell-armor, weak-armor","{'hp': 70, 'attack': 60, 'defense': 125, 'special-attack': 115, 'special-defense': 70, 'speed': 55}"
140,kabuto,5,115,"rock, water","swift-swim, battle-armor, weak-armor","{'hp': 30, 'attack': 80, 'defense': 90, 'special-attack': 55, 'special-defense': 45, 'speed': 55}"
141,kabutops,13,405,"rock, water","swift-swim, battle-armor, weak-armor","{'hp': 60, 'attack': 115, 'defense': 105, 'special-attack': 65, 'special-defense': 70, 'speed': 80}"
142,aerodactyl,18,590,"rock, flying","rock-head, pressure, unnerve","{'hp': 80, 'attack': 105, 'defense': 65, 'special-attack': 60, 'special-defense': 75, 'speed': 130}"
143,snorlax,21,4600,normal,"immunity, thick-fat, gluttony","{'hp': 160, 'attack': 110, 'defense': 65, 'special-attack': 65, 'special-defense': 110, 'speed': 30}"
144,articuno,17,554,"ice, flying","pressure, snow-cloak","{'hp': 90, 'attack': 85, 'defense': 100, 'special-attack': 95, 'special-defense': 125, 'speed': 85}"
145,zapdos,16,526,"electric, flying","pressure, static","{'hp': 90, 'attack': 90, 'defense': 85, 'special-attack': 125, 'special-defense': 90, 'speed': 100}"
146,moltres,20,600,"fire, flying","pressure, flame-body","{'hp': 90, 'attack': 100, 'defense': 90, 'special-attack': 125, 'special-defense': 85, 'speed': 90}"
147,dratini,18,33,dragon,"shed-skin, marvel-scale","{'hp': 41, 'attack': 64, 'defense': 45, 'special-attack': 50, 'special-defense': 50, 'speed': 50}"
148,dragonair,40,165,dragon,"shed-skin, marvel-scale","{'hp': 61, 'attack': 84, 'defense': 65, 'special-attack': 70, 'special-defense': 70, 'speed': 70}"
149,dragonite,22,2100,"dragon, flying","inner-focus, multiscale","{'hp': 91, 'attack': 134, 'defense': 95, 'special-attack': 100, 'special-defense': 100, 'speed': 80}"
150,mewtwo,20,1220,psychic,"pressure, unnerve","{'hp': 106, 'attack': 110, 'defense': 90, 'special-attack': 154, 'special-defense': 90, 'speed': 130}"
151,mew,4,40,psychic,synchronize,"{'hp': 100, 'attack': 100, 'defense': 100, 'special-attack': 100, 'special-defense': 100, 'speed': 100}"
152,chikorita,9,64,grass,"overgrow, leaf-guard","{'hp': 45, 'attack': 49, 'defense': 65, 'special-attack': 49, 'special-defense': 65, 'speed': 45}"
153,bayleef,12,158,grass,"overgrow, leaf-guard","{'hp': 60, 'attack': 62, 'defense': 80, 'special-attack': 63, 'special-defense': 80, 'speed': 60}"
154,meganium,18,1005,grass,"overgrow, leaf-guard","{'hp': 80, 'attack': 82, 'defense': 100, 'special-attack': 83, 'special-defense': 100, 'speed': 80}"
155,cyndaquil,5,79,fire,"blaze, flash-fire","{'hp': 39, 'attack': 52, 'defense': 43, 'special-attack': 60, 'special-defense': 50, 'speed': 65}"
156,quilava,9,190,fire,"blaze, flash-fire","{'hp': 58, 'attack': 64, 'defense': 58, 'special-attack': 80, 'special-defense': 65, 'speed': 80}"
157,typhlosion,17,795,fire,"blaze, flash-fire","{'hp': 78, 'attack': 84, 'defense': 78, 'special-attack': 109, 'special-defense': 85, 'speed': 100}"
158,totodile,6,95,water,"torrent, sheer-force","{'hp': 50, 'attack': 65, 'defense': 64, 'special-attack': 44, 'special-defense': 48, 'speed': 43}"
159,croconaw,11,250,water,"torrent, sheer-force","{'hp': 65, 'attack': 80, 'defense': 80, 'special-attack': 59, 'special-defense': 63, 'speed': 58}"
160,feraligatr,23,888,water,"torrent, sheer-force","{'hp': 85, 'attack': 105, 'defense': 100, 'special-attack': 79, 'special-defense': 83, 'speed': 78}"
161,sentret,8,60,normal,"run-away, keen-eye, frisk","{'hp': 35, 'attack': 46, 'defense': 34, 'special-attack': 35, 'special-defense': 45, 'speed': 20}"
162,furret,18,325,normal,"run-away, keen-eye, frisk","{'hp': 85, 'attack': 76, 'defense': 64, 'special-attack': 45, 'special-defense': 55, 'speed': 90}"
163,hoothoot,7,212,"normal, flying","insomnia, keen-eye, tinted-lens","{'hp': 60, 'attack': 30, 'defense': 30, 'special-attack': 36, 'special-defense': 56, 'speed': 50}"
164,noctowl,16,408,"normal, flying","insomnia, keen-eye, tinted-lens","{'hp': 100, 'attack': 50, 'defense': 50, 'special-attack': 86, 'special-defense': 96, 'speed': 70}"
165,ledyba,10,108,"bug, flying","swarm, early-bird, rattled","{'hp': 40, 'attack': 20, 'defense': 30, 'special-attack': 40, 'special-defense': 80, 'speed': 55}"
166,ledian,14,356,"bug, flying","swarm, early-bird, iron-fist","{'hp': 55, 'attack': 35, 'defense': 50, 'special-attack': 55, 'special-defense': 110, 'speed': 85}"
167,spinarak,5,85,"bug, poison","swarm, insomnia, sniper","{'hp': 40, 'attack': 60, 'defense': 40, 'special-attack': 40, 'special-defense': 40, 'speed': 30}"
168,ariados,11,335,"bug, poison","swarm, insomnia, sniper","{'hp': 70, 'attack': 90, 'defense': 70, 'special-attack': 60, 'special-defense': 70, 'speed': 40}"
169,crobat,18,750,"poison, flying","inner-focus, infiltrator","{'hp': 85, 'attack': 90, 'defense': 80, 'special-attack': 70, 'special-defense': 80, 'speed': 130}"
170,chinchou,5,120,"water, electric","volt-absorb, illuminate, water-absorb","{'hp': 75, 'attack': 38, 'defense': 38, 'special-attack': 56, 'special-defense': 56, 'speed': 67}"
171,lanturn,12,225,"water, electric","volt-absorb, illuminate, water-absorb","{'hp': 125, 'attack': 58, 'defense': 58, 'special-attack': 76, 'special-defense': 76, 'speed': 67}"
172,pichu,3,20,electric,"static, lightning-rod","{'hp': 20, 'attack': 40, 'defense': 15, 'special-attack': 35, 'special-defense': 35, 'speed': 60}"
173,cleffa,3,30,fairy,"cute-charm, magic-guard, friend-guard","{'hp': 50, 'attack': 25, 'defense': 28, 'special-attack': 45, 'special-defense': 55, 'speed': 15}"
174,igglybuff,3,10,"normal, fairy","cute-charm, competitive, friend-guard","{'hp': 90, 'attack': 30, 'defense': 15, 'special-attack': 40, 'special-defense': 20, 'speed': 15}"
175,togepi,3,15,fairy,"hustle, serene-grace, super-luck","{'hp': 35, 'attack': 20, 'defense': 65, 'special-attack': 40, 'special-defense': 65, 'speed': 20}"
176,togetic,6,32,"fairy, flying","hustle, serene-grace, super-luck","{'hp': 55, 'attack': 40, 'defense': 85, 'special-attack': 80, 'special-defense': 105, 'speed': 40}"
177,natu,2,20,"psychic, flying","synchronize, early-bird, magic-bounce","{'hp': 40, 'attack': 50, 'defense': 45, 'special-attack': 70, 'special-defense': 45, 'speed': 70}"
178,xatu,15,150,"psychic, flying","synchronize, early-bird, magic-bounce","{'hp': 65, 'attack': 75, 'defense': 70, 'special-attack': 95, 'special-defense': 70, 'speed': 95}"
179,mareep,6,78,electric,"static, plus","{'hp': 55, 'attack': 40, 'defense': 40, 'special-attack': 65, 'special-defense': 45, 'speed': 35}"
180,flaaffy,8,133,electric,"static, plus","{'hp': 70, 'attack': 55, 'defense': 55, 'special-attack': 80, 'special-defense': 60, 'speed': 45}"
181,ampharos,14,615,electric,"static, plus","{'hp': 90, 'attack': 75, 'defense': 85, 'special-attack': 115, 'special-defense': 90, 'speed': 55}"
182,bellossom,4,58,grass,"chlorophyll, healer","{'hp': 75, 'attack': 80, 'defense': 95, 'special-attack': 90, 'special-defense': 100, 'speed': 50}"
183,marill,4,85,"water, fairy","thick-fat, huge-power, sap-sipper","{'hp': 70, 'attack': 20, 'defense': 50, 'special-attack': 20, 'special-defense': 50, 'speed': 40}"
184,azumarill,8,285,"water, fairy","thick-fat, huge-power, sap-sipper","{'hp': 100, 'attack': 50, 'defense': 80, 'special-attack': 60, 'special-defense': 80, 'speed': 50}"
185,sudowoodo,12,380,rock,"sturdy, rock-head, rattled","{'hp': 70, 'attack': 100, 'defense': 115, 'special-attack': 30, 'special-defense': 65, 'speed': 30}"
186,politoed,11,339,water,"water-absorb, damp, drizzle","{'hp': 90, 'attack': 75, 'defense': 75, 'special-attack': 90, 'special-defense': 100, 'speed': 70}"
187,hoppip,4,5,"grass, flying","chlorophyll, leaf-guard, infiltrator","{'hp': 35, 'attack': 35, 'defense': 40, 'special-attack': 35, 'special-defense': 55, 'speed': 50}"
188,skiploom,6,10,"grass, flying","chlorophyll, leaf-guard, infiltrator","{'hp': 55, 'attack': 45, 'defense': 50, 'special-attack': 45, 'special-defense': 65, 'speed': 80}"
189,jumpluff,8,30,"grass, flying","chlorophyll, leaf-guard, infiltrator","{'hp': 75, 'attack': 55, 'defense': 70, 'special-attack': 55, 'special-defense': 95, 'speed': 110}"
190,aipom,8,115,normal,"run-away, pickup, skill-link","{'hp': 55, 'attack': 70, 'defense': 55, 'special-attack': 40, 'special-defense': 55, 'speed': 85}"
191,sunkern,3,18,grass,"chlorophyll, solar-power, early-bird","{'hp': 30, 'attack': 30, 'defense': 30, 'special-attack': 30, 'special-defense': 30, 'speed': 30}"
192,sunflora,8,85,grass,"chlorophyll, solar-power, early-bird","{'hp': 75, 'attack': 75, 'defense': 55, 'special-attack': 105, 'special-defense': 85, 'speed': 30}"
193,yanma,12,380,"bug, flying","speed-boost, compound-eyes, frisk","{'hp': 65, 'attack': 65, 'defense': 45, 'special-attack': 75, 'special-defense': 45, 'speed': 95}"
194,wooper,4,85,"water, ground","damp, water-absorb, unaware","{'hp': 55, 'attack': 45, 'defense': 45, 'special-attack': 25, 'special-defense': 25, 'speed': 15}"
195,quagsire,14,750,"water, ground","damp, water-absorb, unaware","{'hp': 95, 'attack': 85, 'defense': 85, 'special-attack': 65, 'special-defense': 65, 'speed': 35}"
196,espeon,9,265,psychic,"synchronize, magic-bounce","{'hp': 65, 'attack': 65, 'defense': 60, 'special-attack': 130, 'special-defense': 95, 'speed': 110}"
197,umbreon,10,270,dark,"synchronize, inner-focus","{'hp': 95, 'attack': 65, 'defense': 110, 'special-attack': 60, 'special-defense': 130, 'speed': 65}"
198,murkrow,5,21,"dark, flying","insomnia, super-luck, prankster","{'hp': 60, 'attack': 85, 'defense': 42, 'special-attack': 85, 'special-defense': 42, 'speed': 91}"
199,slowking,20,795,"water, psychic","oblivious, own-tempo, regenerator","{'hp': 95, 'attack': 75, 'defense': 80, 'special-attack': 100, 'special-defense': 110, 'speed': 30}"
200,misdreavus,7,10,ghost,levitate,"{'hp': 60, 'attack': 60, 'defense': 60, 'special-attack': 85, 'special-defense': 85, 'speed': 85}"
201,unown,5,50,psychic,levitate,"{'hp': 48, 'attack': 72, 'defense': 48, 'special-attack': 72, 'special-defense': 48, 'speed': 48}"
202,wobbuffet,13,285,psychic,"shadow-tag, telepathy","{'hp': 190, 'attack': 33, 'defense': 58, 'special-attack': 33, 'special-defense': 58, 'speed': 33}"
203,girafarig,15,415,"normal, psychic","inner-focus, early-bird, sap-sipper","{'hp': 70, 'attack': 80, 'defense': 65, 'special-attack': 90, 'special-defense': 65, 'speed': 85}"
204,pineco,6,72,bug,"sturdy, overcoat","{'hp': 50, 'attack': 65, 'defense': 90, 'special-attack': 35, 'special-defense': 35, 'speed': 15}"
205,forretress,12,1258,"bug, steel","sturdy, overcoat","{'hp': 75, 'attack': 90, 'defense': 140, 'special-attack': 60, 'special-defense': 60, 'speed': 40}"
206,dunsparce,15,140,normal,"serene-grace, run-away, rattled","{'hp': 100, 'attack': 70, 'defense': 70, 'special-attack': 65, 'special-defense': 65, 'speed': 45}"
207,gligar,11,648,"ground, flying","hyper-cutter, sand-veil, immunity","{'hp': 65, 'attack': 75, 'defense': 105, 'special-attack': 35, 'special-defense': 65, 'speed': 85}"
208,steelix,92,4000,"steel, ground","rock-head, sturdy, sheer-force","{'hp': 75, 'attack': 85, 'defense': 200, 'special-attack': 55, 'special-defense': 65, 'speed': 30}"
209,snubbull,6,78,fairy,"intimidate, run-away, rattled","{'hp': 60, 'attack': 80, 'defense': 50, 'special-attack': 40, 'special-defense': 40, 'speed': 30}"
210,granbull,14,487,fairy,"intimidate, quick-feet, rattled","{'hp': 90, 'attack': 120, 'defense': 75, 'special-attack': 60, 'special-defense': 60, 'speed': 45}"
211,qwilfish,5,39,"water, poison","poison-point, swift-swim, intimidate","{'hp': 65, 'attack': 95, 'defense': 85, 'special-attack': 55, 'special-defense': 55, 'speed': 85}"
212,scizor,18,1180,"bug, steel","swarm, technician, light-metal","{'hp': 70, 'attack': 130, 'defense': 100, 'special-attack': 55, 'special-defense': 80, 'speed': 65}"
213,shuckle,6,205,"bug, rock","sturdy, gluttony, contrary","{'hp': 20, 'attack': 10, 'defense': 230, 'special-attack': 10, 'special-defense': 230, 'speed': 5}"
214,heracross,15,540,"bug, fighting","swarm, guts, moxie","{'hp': 80, 'attack': 125, 'defense': 75, 'special-attack': 40, 'special-defense': 95, 'speed': 85}"
215,sneasel,9,280,"dark, ice","inner-focus, keen-eye, pickpocket","{'hp': 55, 'attack': 95, 'defense': 55, 'special-attack': 35, 'special-defense': 75, 'speed': 115}"
216,teddiursa,6,88,normal,"pickup, quick-feet, honey-gather","{'hp': 60, 'attack': 80, 'defense': 50, 'special-attack': 50, 'special-defense': 50, 'speed': 40}"
217,ursaring,18,1258,normal,"guts, quick-feet, unnerve","{'hp': 90, 'attack': 130, 'defense': 75, 'special-attack': 75, 'special-defense': 75, 'speed': 55}"
218,slugma,7,350,fire,"magma-armor, flame-body, weak-armor","{'hp': 40, 'attack': 40, 'defense': 40, 'special-attack': 70, 'special-defense': 40, 'speed': 20}"
219,magcargo,8,550,"fire, rock","magma-armor, flame-body, weak-armor","{'hp': 60, 'attack': 50, 'defense': 120, 'special-attack': 90, 'special-defense': 80, 'speed': 30}"
220,swinub,4,65,"ice, ground","oblivious, snow-cloak, thick-fat","{'hp': 50, 'attack': 50, 'defense': 40, 'special-attack': 30, 'special-defense': 30, 'speed': 50}"
221,piloswine,11,558,"ice, ground","oblivious, snow-cloak, thick-fat","{'hp': 100, 'attack': 100, 'defense': 80, 'special-attack': 60, 'special-defense': 60, 'speed': 50}"
222,corsola,6,50,"water, rock","hustle, natural-cure, regenerator","{'hp': 65, 'attack': 55, 'defense': 95, 'special-attack': 65, 'special-defense': 95, 'speed': 35}"
223,remoraid,6,120,water,"hustle, sniper, moody","{'hp': 35, 'attack': 65, 'defense': 35, 'special-attack': 65, 'special-defense': 35, 'speed': 65}"
224,octillery,9,285,water,"suction-cups, sniper, moody","{'hp': 75, 'attack': 105, 'defense': 75, 'special-attack': 105, 'special-defense': 75, 'speed': 45}"
225,delibird,9,160,"ice, flying","vital-spirit, hustle, insomnia","{'hp': 45, 'attack': 55, 'defense': 45, 'special-attack': 65, 'special-defense': 45, 'speed': 75}"
226,mantine,21,2200,"water, flying","swift-swim, water-absorb, water-veil","{'hp': 85, 'attack': 40, 'defense': 70, 'special-attack': 80, 'special-defense': 140, 'speed': 70}"
227,skarmory,17,505,"steel, flying","keen-eye, sturdy, weak-armor","{'hp': 65, 'attack': 80, 'defense': 140, 'special-attack': 40, 'special-defense': 70, 'speed': 70}"
228,houndour,6,108,"dark, fire","early-bird, flash-fire, unnerve","{'hp': 45, 'attack': 60, 'defense': 30, 'special-attack': 80, 'special-defense': 50, 'speed': 65}"
229,houndoom,14,350,"dark, fire","early-bird, flash-fire, unnerve","{'hp': 75, 'attack': 90, 'defense': 50, 'special-attack': 110, 'special-defense': 80, 'speed': 95}"
230,kingdra,18,1520,"water, dragon","swift-swim, sniper, damp","{'hp': 75, 'attack': 95, 'defense': 95, 'special-attack': 95, 'special-defense': 95, 'speed': 85}"
231,phanpy,5,335,ground,"pickup, sand-veil","{'hp': 90, 'attack': 60, 'defense': 60, 'special-attack': 40, 'special-defense': 40, 'speed': 40}"
232,donphan,11,1200,ground,"sturdy, sand-veil","{'hp': 90, 'attack': 120, 'defense': 120, 'special-attack': 60, 'special-defense': 60, 'speed': 50}"
233,porygon2,6,325,normal,"trace, download, analytic","{'hp': 85, 'attack': 80, 'defense': 90, 'special-attack': 105, 'special-defense': 95, 'speed': 60}"
234,stantler,14,712,normal,"intimidate, frisk, sap-sipper","{'hp': 73, 'attack': 95, 'defense': 62, 'special-attack': 85, 'special-defense': 65, 'speed': 85}"
235,smeargle,12,580,normal,"own-tempo, technician, moody","{'hp': 55, 'attack': 20, 'defense': 35, 'special-attack': 20, 'special-defense': 45, 'speed': 75}"
236,tyrogue,7,210,fighting,"guts, steadfast, vital-spirit","{'hp': 35, 'attack': 35, 'defense': 35, 'special-attack': 35, 'special-defense': 35, 'speed': 35}"
237,hitmontop,14,480,fighting,"intimidate, technician, steadfast","{'hp': 50, 'attack': 95, 'defense': 95, 'special-attack': 35, 'special-defense': 110, 'speed': 70}"
238,smoochum,4,60,"ice, psychic","oblivious, forewarn, hydration","{'hp': 45, 'attack': 30, 'defense': 15, 'special-attack': 85, 'special-defense': 65, 'speed': 65}"
239,elekid,6,235,electric,"static, vital-spirit","{'hp': 45, 'attack': 63, 'defense': 37, 'special-attack': 65, 'special-defense': 55, 'speed': 95}"
240,magby,7,214,fire,"flame-body, vital-spirit","{'hp': 45, 'attack': 75, 'defense': 37, 'special-attack': 70, 'special-defense': 55, 'speed': 83}"
241,miltank,12,755,normal,"thick-fat, scrappy, sap-sipper","{'hp': 95, 'attack': 80, 'defense': 105, 'special-attack': 40, 'special-defense': 70, 'speed': 100}"
242,blissey,15,468,normal,"natural-cure, serene-grace, healer","{'hp': 255, 'attack': 10, 'defense': 10, 'special-attack': 75, 'special-defense': 135, 'speed': 55}"
243,raikou,19,1780,electric,"pressure, inner-focus","{'hp': 90, 'attack': 85, 'defense': 75, 'special-attack': 115, 'special-defense': 100, 'speed': 115}"
244,entei,21,1980,fire,"pressure, inner-focus","{'hp': 115, 'attack': 115, 'defense': 85, 'special-attack': 90, 'special-defense': 75, 'speed': 100}"
245,suicune,20,1870,water,"pressure, inner-focus","{'hp': 100, 'attack': 75, 'defense': 115, 'special-attack': 90, 'special-defense': 115, 'speed': 85}"
246,larvitar,6,720,"rock, ground","guts, sand-veil","{'hp': 50, 'attack': 64, 'defense': 50, 'special-attack': 45, 'special-defense': 50, 'speed': 41}"
247,pupitar,12,1520,"rock, ground",shed-skin,"{'hp': 70, 'attack': 84, 'defense': 70, 'special-attack': 65, 'special-defense': 70, 'speed': 51}"
248,tyranitar,20,2020,"rock, dark","sand-stream, unnerve","{'hp': 100, 'attack': 134, 'defense': 110, 'special-attack': 95, 'special-defense': 100, 'speed': 61}"
249,lugia,52,2160,"psychic, flying","pressure, multiscale","{'hp': 106, 'attack': 90, 'defense': 130, 'special-attack': 90, 'special-defense': 154, 'speed': 110}"
250,ho-oh,38,1990,"fire, flying","pressure, regenerator","{'hp': 106, 'attack': 130, 'defense': 90, 'special-attack': 110, 'special-defense': 154, 'speed': 90}"
251,celebi,6,50,"psychic, grass",natural-cure,"{'hp': 100, 'attack': 100, 'defense': 100, 'special-attack': 100, 'special-defense': 100, 'speed': 100}"
252,treecko,5,50,grass,"overgrow, unburden","{'hp': 40, 'attack': 45, 'defense': 35, 'special-attack': 65, 'special-defense': 55, 'speed': 70}"
253,grovyle,9,216,grass,"overgrow, unburden","{'hp': 50, 'attack': 65, 'defense': 45, 'special-attack': 85, 'special-defense': 65, 'speed': 95}"
254,sceptile,17,522,grass,"overgrow, unburden","{'hp': 70, 'attack': 85, 'defense': 65, 'special-attack': 105, 'special-defense': 85, 'speed': 120}"
255,torchic,4,25,fire,"blaze, speed-boost","{'hp': 45, 'attack': 60, 'defense': 40, 'special-attack': 70, 'special-defense': 50, 'speed': 45}"
256,combusken,9,195,"fire, fighting","blaze, speed-boost","{'hp': 60, 'attack': 85, 'defense': 60, 'special-attack': 85, 'special-defense': 60, 'speed': 55}"
257,blaziken,19,520,"fire, fighting","blaze, speed-boost","{'hp': 80, 'attack': 120, 'defense': 70, 'special-attack': 110, 'special-defense': 70, 'speed': 80}"
258,mudkip,4,76,water,"torrent, damp","{'hp': 50, 'attack': 70, 'defense': 50, 'special-attack': 50, 'special-defense': 50, 'speed': 40}"
259,marshtomp,7,280,"water, ground","torrent, damp","{'hp': 70, 'attack': 85, 'defense': 70, 'special-attack': 60, 'special-defense': 70, 'speed': 50}"
260,swampert,15,819,"water, ground","torrent, damp","{'hp': 100, 'attack': 110, 'defense': 90, 'special-attack': 85, 'special-defense': 90, 'speed': 60}"
261,poochyena,5,136,dark,"run-away, quick-feet, rattled","{'hp': 35, 'attack': 55, 'defense': 35, 'special-attack': 30, 'special-defense': 30, 'speed': 35}"
262,mightyena,10,370,dark,"intimidate, quick-feet, moxie","{'hp': 70, 'attack': 90, 'defense': 70, 'special-attack': 60, 'special-defense': 60, 'speed': 70}"
263,zigzagoon,4,175,normal,"pickup, gluttony, quick-feet","{'hp': 38, 'attack': 30, 'defense': 41, 'special-attack': 30, 'special-defense': 41, 'speed': 60}"
264,linoone,5,325,normal,"pickup, gluttony, quick-feet","{'hp': 78, 'attack': 70, 'defense': 61, 'special-attack': 50, 'special-defense': 61, 'speed': 100}"
265,wurmple,3,36,bug,"shield-dust, run-away","{'hp': 45, 'attack': 45, 'defense': 35, 'special-attack': 20, 'special-defense': 30, 'speed': 20}"
266,silcoon,6,100,bug,shed-skin,"{'hp': 50, 'attack': 35, 'defense': 55, 'special-attack': 25, 'special-defense': 25, 'speed': 15}"
267,beautifly,10,284,"bug, flying","swarm, rivalry","{'hp': 60, 'attack': 70, 'defense': 50, 'special-attack': 100, 'special-defense': 50, 'speed': 65}"
268,cascoon,7,115,bug,shed-skin,"{'hp': 50, 'attack': 35, 'defense': 55, 'special-attack': 25, 'special-defense': 25, 'speed': 15}"
269,dustox,12,316,"bug, poison","shield-dust, compound-eyes","{'hp': 60, 'attack': 50, 'defense': 70, 'special-attack': 50, 'special-defense': 90, 'speed': 65}"
270,lotad,5,26,"water, grass","swift-swim, rain-dish, own-tempo","{'hp': 40, 'attack': 30, 'defense': 30, 'special-attack': 40, 'special-defense': 50, 'speed': 30}"
271,lombre,12,325,"water, grass","swift-swim, rain-dish, own-tempo","{'hp': 60, 'attack': 50, 'defense': 50, 'special-attack': 60, 'special-defense': 70, 'speed': 50}"
272,ludicolo,15,550,"water, grass","swift-swim, rain-dish, own-tempo","{'hp': 80, 'attack': 70, 'defense': 70, 'special-attack': 90, 'special-defense': 100, 'speed': 70}"
273,seedot,5,40,grass,"chlorophyll, early-bird, pickpocket","{'hp': 40, 'attack': 40, 'defense': 50, 'special-attack': 30, 'special-defense': 30, 'speed': 30}"
274,nuzleaf,10,280,"grass, dark","chlorophyll, early-bird, pickpocket","{'hp': 70, 'attack': 70, 'defense': 40, 'special-attack': 60, 'special-defense': 40, 'speed': 60}"
275,shiftry,13,596,"grass, dark","chlorophyll, wind-rider, pickpocket","{'hp': 90, 'attack': 100, 'defense': 60, 'special-attack': 90, 'special-defense': 60, 'speed': 80}"
276,taillow,3,23,"normal, flying","guts, scrappy","{'hp': 40, 'attack': 55, 'defense': 30, 'special-attack': 30, 'special-defense': 30, 'speed': 85}"
277,swellow,7,198,"normal, flying","guts, scrappy","{'hp': 60, 'attack': 85, 'defense': 60, 'special-attack': 75, 'special-defense': 50, 'speed': 125}"
278,wingull,6,95,"water, flying","keen-eye, hydration, rain-dish","{'hp': 40, 'attack': 30, 'defense': 30, 'special-attack': 55, 'special-defense': 30, 'speed': 85}"
279,pelipper,12,280,"water, flying","keen-eye, drizzle, rain-dish","{'hp': 60, 'attack': 50, 'defense': 100, 'special-attack': 95, 'special-defense': 70, 'speed': 65}"
280,ralts,4,66,"psychic, fairy","synchronize, trace, telepathy","{'hp': 28, 'attack': 25, 'defense': 25, 'special-attack': 45, 'special-defense': 35, 'speed': 40}"
281,kirlia,8,202,"psychic, fairy","synchronize, trace, telepathy","{'hp': 38, 'attack': 35, 'defense': 35, 'special-attack': 65, 'special-defense': 55, 'speed': 50}"
282,gardevoir,16,484,"psychic, fairy","synchronize, trace, telepathy","{'hp': 68, 'attack': 65, 'defense': 65, 'special-attack': 125, 'special-defense': 115, 'speed': 80}"
283,surskit,5,17,"bug, water","swift-swim, rain-dish","{'hp': 40, 'attack': 30, 'defense': 32, 'special-attack': 50, 'special-defense': 52, 'speed': 65}"
284,masquerain,8,36,"bug, flying","intimidate, unnerve","{'hp': 70, 'attack': 60, 'defense': 62, 'special-attack': 100, 'special-defense': 82, 'speed': 80}"
285,shroomish,4,45,grass,"effect-spore, poison-heal, quick-feet","{'hp': 60, 'attack': 40, 'defense': 60, 'special-attack': 40, 'special-defense': 60, 'speed': 35}"
286,breloom,12,392,"grass, fighting","effect-spore, poison-heal, technician","{'hp': 60, 'attack': 130, 'defense': 80, 'special-attack': 60, 'special-defense': 60, 'speed': 70}"
287,slakoth,8,240,normal,truant,"{'hp': 60, 'attack': 60, 'defense': 60, 'special-attack': 35, 'special-defense': 35, 'speed': 30}"
288,vigoroth,14,465,normal,vital-spirit,"{'hp': 80, 'attack': 80, 'defense': 80, 'special-attack': 55, 'special-defense': 55, 'speed': 90}"
289,slaking,20,1305,normal,truant,"{'hp': 150, 'attack': 160, 'defense': 100, 'special-attack': 95, 'special-defense': 65, 'speed': 100}"
290,nincada,5,55,"bug, ground","compound-eyes, run-away","{'hp': 31, 'attack': 45, 'defense': 90, 'special-attack': 30, 'special-defense': 30, 'speed': 40}"
291,ninjask,8,120,"bug, flying","speed-boost, infiltrator","{'hp': 61, 'attack': 90, 'defense': 45, 'special-attack': 50, 'special-defense': 50, 'speed': 160}"
292,shedinja,8,12,"bug, ghost",wonder-guard,"{'hp': 1, 'attack': 90, 'defense': 45, 'special-attack': 30, 'special-defense': 30, 'speed': 40}"
293,whismur,6,163,normal,"soundproof, rattled","{'hp': 64, 'attack': 51, 'defense': 23, 'special-attack': 51, 'special-defense': 23, 'speed': 28}"
294,loudred,10,405,normal,"soundproof, scrappy","{'hp': 84, 'attack': 71, 'defense': 43, 'special-attack': 71, 'special-defense': 43, 'speed': 48}"
295,exploud,15,840,normal,"soundproof, scrappy","{'hp': 104, 'attack': 91, 'defense': 63, 'special-attack': 91, 'special-defense': 73, 'speed': 68}"
296,makuhita,10,864,fighting,"thick-fat, guts, sheer-force","{'hp': 72, 'attack': 60, 'defense': 30, 'special-attack': 20, 'special-defense': 30, 'speed': 25}"
297,hariyama,23,2538,fighting,"thick-fat, guts, sheer-force","{'hp': 144, 'attack': 120, 'defense': 60, 'special-attack': 40, 'special-defense': 60, 'speed': 50}"
298,azurill,2,20,"normal, fairy","thick-fat, huge-power, sap-sipper","{'hp': 50, 'attack': 20, 'defense': 40, 'special-attack': 20, 'special-defense': 40, 'speed': 20}"
299,nosepass,10,970,rock,"sturdy, magnet-pull, sand-force","{'hp': 30, 'attack': 45, 'defense': 135, 'special-attack': 45, 'special-defense': 90, 'speed': 30}"
300,skitty,6,110,normal,"cute-charm, normalize, wonder-skin","{'hp': 50, 'attack': 45, 'defense': 45, 'special-attack': 35, 'special-defense': 35, 'speed': 50}"
301,delcatty,11,326,normal,"cute-charm, normalize, wonder-skin","{'hp': 70, 'attack': 65, 'defense': 65, 'special-attack': 55, 'special-defense': 55, 'speed': 90}"
302,sableye,5,110,"dark, ghost","keen-eye, stall, prankster","{'hp': 50, 'attack': 75, 'defense': 75, 'special-attack': 65, 'special-defense': 65, 'speed': 50}"
303,mawile,6,115,"steel, fairy","hyper-cutter, intimidate, sheer-force","{'hp': 50, 'attack': 85, 'defense': 85, 'special-attack': 55, 'special-defense': 55, 'speed': 50}"
304,aron,4,600,"steel, rock","sturdy, rock-head, heavy-metal","{'hp': 50, 'attack': 70, 'defense': 100, 'special-attack': 40, 'special-defense': 40, 'speed': 30}"
305,lairon,9,1200,"steel, rock","sturdy, rock-head, heavy-metal","{'hp': 60, 'attack': 90, 'defense': 140, 'special-attack': 50, 'special-defense': 50, 'speed': 40}"
306,aggron,21,3600,"steel, rock","sturdy, rock-head, heavy-metal","{'hp': 70, 'attack': 110, 'defense': 180, 'special-attack': 60, 'special-defense': 60, 'speed': 50}"
307,meditite,6,112,"fighting, psychic","pure-power, telepathy","{'hp': 30, 'attack': 40, 'defense': 55, 'special-attack': 40, 'special-defense': 55, 'speed': 60}"
308,medicham,13,315,"fighting, psychic","pure-power, telepathy","{'hp': 60, 'attack': 60, 'defense': 75, 'special-attack': 60, 'special-defense': 75, 'speed': 80}"
309,electrike,6,152,electric,"static, lightning-rod, minus","{'hp': 40, 'attack': 45, 'defense': 40, 'special-attack': 65, 'special-defense': 40, 'speed': 65}"
310,manectric,15,402,electric,"static, lightning-rod, minus","{'hp': 70, 'attack': 75, 'defense': 60, 'special-attack': 105, 'special-defense': 60, 'speed': 105}"
311,plusle,4,42,electric,"plus, lightning-rod","{'hp': 60, 'attack': 50, 'defense': 40, 'special-attack': 85, 'special-defense': 75, 'speed': 95}"
312,minun,4,42,electric,"minus, volt-absorb","{'hp': 60, 'attack': 40, 'defense': 50, 'special-attack': 75, 'special-defense': 85, 'speed': 95}"
313,volbeat,7,177,bug,"illuminate, swarm, prankster","{'hp': 65, 'attack': 73, 'defense': 75, 'special-attack': 47, 'special-defense': 85, 'speed': 85}"
314,illumise,6,177,bug,"oblivious, tinted-lens, prankster","{'hp': 65, 'attack': 47, 'defense': 75, 'special-attack': 73, 'special-defense': 85, 'speed': 85}"
315,roselia,3,20,"grass, poison","natural-cure, poison-point, leaf-guard","{'hp': 50, 'attack': 60, 'defense': 45, 'special-attack': 100, 'special-defense': 80, 'speed': 65}"
316,gulpin,4,103,poison,"liquid-ooze, sticky-hold, gluttony","{'hp': 70, 'attack': 43, 'defense': 53, 'special-attack': 43, 'special-defense': 53, 'speed': 40}"
317,swalot,17,800,poison,"liquid-ooze, sticky-hold, gluttony","{'hp': 100, 'attack': 73, 'defense': 83, 'special-attack': 73, 'special-defense': 83, 'speed': 55}"
318,carvanha,8,208,"water, dark","rough-skin, speed-boost","{'hp': 45, 'attack': 90, 'defense': 20, 'special-attack': 65, 'special-defense': 20, 'speed': 65}"
319,sharpedo,18,888,"water, dark","rough-skin, speed-boost","{'hp': 70, 'attack': 120, 'defense': 40, 'special-attack': 95, 'special-defense': 40, 'speed': 95}"
320,wailmer,20,1300,water,"water-veil, oblivious, pressure","{'hp': 130, 'attack': 70, 'defense': 35, 'special-attack': 70, 'special-defense': 35, 'speed': 60}"
321,wailord,145,3980,water,"water-veil, oblivious, pressure","{'hp': 170, 'attack': 90, 'defense': 45, 'special-attack': 90, 'special-defense': 45, 'speed': 60}"
322,numel,7,240,"fire, ground","oblivious, simple, own-tempo","{'hp': 60, 'attack': 60, 'defense': 40, 'special-attack': 65, 'special-defense': 45, 'speed': 35}"
323,camerupt,19,2200,"fire, ground","magma-armor, solid-rock, anger-point","{'hp': 70, 'attack': 100, 'defense': 70, 'special-attack': 105, 'special-defense': 75, 'speed': 40}"
324,torkoal,5,804,fire,"white-smoke, drought, shell-armor","{'hp': 70, 'attack': 85, 'defense': 140, 'special-attack': 85, 'special-defense': 70, 'speed': 20}"
325,spoink,7,306,psychic,"thick-fat, own-tempo, gluttony","{'hp': 60, 'attack': 25, 'defense': 35, 'special-attack': 70, 'special-defense': 80, 'speed': 60}"
326,grumpig,9,715,psychic,"thick-fat, own-tempo, gluttony","{'hp': 80, 'attack': 45, 'defense': 65, 'special-attack': 90, 'special-defense': 110, 'speed': 80}"
327,spinda,11,50,normal,"own-tempo, tangled-feet, contrary","{'hp': 60, 'attack': 60, 'defense': 60, 'special-attack': 60, 'special-defense': 60, 'speed': 60}"
328,trapinch,7,150,ground,"hyper-cutter, arena-trap, sheer-force","{'hp': 45, 'attack': 100, 'defense': 45, 'special-attack': 45, 'special-defense': 45, 'speed': 10}"
329,vibrava,11,153,"ground, dragon",levitate,"{'hp': 50, 'attack': 70, 'defense': 50, 'special-attack': 50, 'special-defense': 50, 'speed': 70}"
330,flygon,20,820,"ground, dragon",levitate,"{'hp': 80, 'attack': 100, 'defense': 80, 'special-attack': 80, 'special-defense': 80, 'speed': 100}"
331,cacnea,4,513,grass,"sand-veil, water-absorb","{'hp': 50, 'attack': 85, 'defense': 40, 'special-attack': 85, 'special-defense': 40, 'speed': 35}"
332,cacturne,13,774,"grass, dark","sand-veil, water-absorb","{'hp': 70, 'attack': 115, 'defense': 60, 'special-attack': 115, 'special-defense': 60, 'speed': 55}"
333,swablu,4,12,"normal, flying","natural-cure, cloud-nine","{'hp': 45, 'attack': 40, 'defense': 60, 'special-attack': 40, 'special-defense': 75, 'speed': 50}"
334,altaria,11,206,"dragon, flying","natural-cure, cloud-nine","{'hp': 75, 'attack': 70, 'defense': 90, 'special-attack': 70, 'special-defense': 105, 'speed': 80}"
335,zangoose,13,403,normal,"immunity, toxic-boost","{'hp': 73, 'attack': 115, 'defense': 60, 'special-attack': 60, 'special-defense': 60, 'speed': 90}"
336,seviper,27,525,poison,"shed-skin, infiltrator","{'hp': 73, 'attack': 100, 'defense': 60, 'special-attack': 100, 'special-defense': 60, 'speed': 65}"
337,lunatone,10,1680,"rock, psychic",levitate,"{'hp': 90, 'attack': 55, 'defense': 65, 'special-attack': 95, 'special-defense': 85, 'speed': 70}"
338,solrock,12,1540,"rock, psychic",levitate,"{'hp': 90, 'attack': 95, 'defense': 85, 'special-attack': 55, 'special-defense': 65, 'speed': 70}"
339,barboach,4,19,"water, ground","oblivious, anticipation, hydration","{'hp': 50, 'attack': 48, 'defense': 43, 'special-attack': 46, 'special-defense': 41, 'speed': 60}"
340,whiscash,9,236,"water, ground","oblivious, anticipation, hydration","{'hp': 110, 'attack': 78, 'defense': 73, 'special-attack': 76, 'special-defense': 71, 'speed': 60}"
341,corphish,6,115,water,"hyper-cutter, shell-armor, adaptability","{'hp': 43, 'attack': 80, 'defense': 65, 'special-attack': 50, 'special-defense': 35, 'speed': 35}"
342,crawdaunt,11,328,"water, dark","hyper-cutter, shell-armor, adaptability","{'hp': 63, 'attack': 120, 'defense': 85, 'special-attack': 90, 'special-defense': 55, 'speed': 55}"
343,baltoy,5,215,"ground, psychic",levitate,"{'hp': 40, 'attack': 40, 'defense': 55, 'special-attack': 40, 'special-defense': 70, 'speed': 55}"
344,claydol,15,1080,"ground, psychic",levitate,"{'hp': 60, 'attack': 70, 'defense': 105, 'special-attack': 70, 'special-defense': 120, 'speed': 75}"
345,lileep,10,238,"rock, grass","suction-cups, storm-drain","{'hp': 66, 'attack': 41, 'defense': 77, 'special-attack': 61, 'special-defense': 87, 'speed': 23}"
346,cradily,15,604,"rock, grass","suction-cups, storm-drain","{'hp': 86, 'attack': 81, 'defense': 97, 'special-attack': 81, 'special-defense': 107, 'speed': 43}"
347,anorith,7,125,"rock, bug","battle-armor, swift-swim","{'hp': 45, 'attack': 95, 'defense': 50, 'special-attack': 40, 'special-defense': 50, 'speed': 75}"
348,armaldo,15,682,"rock, bug","battle-armor, swift-swim","{'hp': 75, 'attack': 125, 'defense': 100, 'special-attack': 70, 'special-defense': 80, 'speed': 45}"
349,feebas,6,74,water,"swift-swim, oblivious, adaptability","{'hp': 20, 'attack': 15, 'defense': 20, 'special-attack': 10, 'special-defense': 55, 'speed': 80}"
350,milotic,62,1620,water,"marvel-scale, competitive, cute-charm","{'hp': 95, 'attack': 60, 'defense': 79, 'special-attack': 100, 'special-defense': 125, 'speed': 81}"
351,castform,3,8,normal,forecast,"{'hp': 70, 'attack': 70, 'defense': 70, 'special-attack': 70, 'special-defense': 70, 'speed': 70}"
352,kecleon,10,220,normal,"color-change, protean","{'hp': 60, 'attack': 90, 'defense': 70, 'special-attack': 60, 'special-defense': 120, 'speed': 40}"
353,shuppet,6,23,ghost,"insomnia, frisk, cursed-body","{'hp': 44, 'attack': 75, 'defense': 35, 'special-attack': 63, 'special-defense': 33, 'speed': 45}"
354,banette,11,125,ghost,"insomnia, frisk, cursed-body","{'hp': 64, 'attack': 115, 'defense': 65, 'special-attack': 83, 'special-defense': 63, 'speed': 65}"
355,duskull,8,150,ghost,"levitate, frisk","{'hp': 20, 'attack': 40, 'defense': 90, 'special-attack': 30, 'special-defense': 90, 'speed': 25}"
356,dusclops,16,306,ghost,"pressure, frisk","{'hp': 40, 'attack': 70, 'defense': 130, 'special-attack': 60, 'special-defense': 130, 'speed': 25}"
357,tropius,20,1000,"grass, flying","chlorophyll, solar-power, harvest","{'hp': 99, 'attack': 68, 'defense': 83, 'special-attack': 72, 'special-defense': 87, 'speed': 51}"
358,chimecho,6,10,psychic,levitate,"{'hp': 75, 'attack': 50, 'defense': 80, 'special-attack': 95, 'special-defense': 90, 'speed': 65}"
359,absol,12,470,dark,"pressure, super-luck, justified","{'hp': 65, 'attack': 130, 'defense': 60, 'special-attack': 75, 'special-defense': 60, 'speed': 75}"
360,wynaut,6,140,psychic,"shadow-tag, telepathy","{'hp': 95, 'attack': 23, 'defense': 48, 'special-attack': 23, 'special-defense': 48, 'speed': 23}"
361,snorunt,7,168,ice,"inner-focus, ice-body, moody","{'hp': 50, 'attack': 50, 'defense': 50, 'special-attack': 50, 'special-defense': 50, 'speed': 50}"
362,glalie,15,2565,ice,"inner-focus, ice-body, moody","{'hp': 80, 'attack': 80, 'defense': 80, 'special-attack': 80, 'special-defense': 80, 'speed': 80}"
363,spheal,8,395,"ice, water","thick-fat, ice-body, oblivious","{'hp': 70, 'attack': 40, 'defense': 50, 'special-attack': 55, 'special-defense': 50, 'speed': 25}"
364,sealeo,11,876,"ice, water","thick-fat, ice-body, oblivious","{'hp': 90, 'attack': 60, 'defense': 70, 'special-attack': 75, 'special-defense': 70, 'speed': 45}"
365,walrein,14,1506,"ice, water","thick-fat, ice-body, oblivious","{'hp': 110, 'attack': 80, 'defense': 90, 'special-attack': 95, 'special-defense': 90, 'speed': 65}"
366,clamperl,4,525,water,"shell-armor, rattled","{'hp': 35, 'attack': 64, 'defense': 85, 'special-attack': 74, 'special-defense': 55, 'speed': 32}"
367,huntail,17,270,water,"swift-swim, water-veil","{'hp': 55, 'attack': 104, 'defense': 105, 'special-attack': 94, 'special-defense': 75, 'speed': 52}"
368,gorebyss,18,226,water,"swift-swim, hydration","{'hp': 55, 'attack': 84, 'defense': 105, 'special-attack': 114, 'special-defense': 75, 'speed': 52}"
369,relicanth,10,234,"water, rock","swift-swim, rock-head, sturdy","{'hp': 100, 'attack': 90, 'defense': 130, 'special-attack': 45, 'special-defense': 65, 'speed': 55}"
370,luvdisc,6,87,water,"swift-swim, hydration","{'hp': 43, 'attack': 30, 'defense': 55, 'special-attack': 40, 'special-defense': 65, 'speed': 97}"
371,bagon,6,421,dragon,"rock-head, sheer-force","{'hp': 45, 'attack': 75, 'defense': 60, 'special-attack': 40, 'special-defense': 30, 'speed': 50}"
372,shelgon,11,1105,dragon,"rock-head, overcoat","{'hp': 65, 'attack': 95, 'defense': 100, 'special-attack': 60, 'special-defense': 50, 'speed': 50}"
373,salamence,15,1026,"dragon, flying","intimidate, moxie","{'hp': 95, 'attack': 135, 'defense': 80, 'special-attack': 110, 'special-defense': 80, 'speed': 100}"
374,beldum,6,952,"steel, psychic","clear-body, light-metal","{'hp': 40, 'attack': 55, 'defense': 80, 'special-attack': 35, 'special-defense': 60, 'speed': 30}"
375,metang,12,2025,"steel, psychic","clear-body, light-metal","{'hp': 60, 'attack': 75, 'defense': 100, 'special-attack': 55, 'special-defense': 80, 'speed': 50}"
376,metagross,16,5500,"steel, psychic","clear-body, light-metal","{'hp': 80, 'attack': 135, 'defense': 130, 'special-attack': 95, 'special-defense': 90, 'speed': 70}"
377,regirock,17,2300,rock,"clear-body, sturdy","{'hp': 80, 'attack': 100, 'defense': 200, 'special-attack': 50, 'special-defense': 100, 'speed': 50}"
378,regice,18,1750,ice,"clear-body, ice-body","{'hp': 80, 'attack': 50, 'defense': 100, 'special-attack': 100, 'special-defense': 200, 'speed': 50}"
379,registeel,19,2050,steel,"clear-body, light-metal","{'hp': 80, 'attack': 75, 'defense': 150, 'special-attack': 75, 'special-defense': 150, 'speed': 50}"
380,latias,14,400,"dragon, psychic",levitate,"{'hp': 80, 'attack': 80, 'defense': 90, 'special-attack': 110, 'special-defense': 130, 'speed': 110}"
381,latios,20,600,"dragon, psychic",levitate,"{'hp': 80, 'attack': 90, 'defense': 80, 'special-attack': 130, 'special-defense': 110, 'speed': 110}"
382,kyogre,45,3520,water,drizzle,"{'hp': 100, 'attack': 100, 'defense': 90, 'special-attack': 150, 'special-defense': 140, 'speed': 90}"
383,groudon,35,9500,ground,drought,"{'hp': 100, 'attack': 150, 'defense': 140, 'special-attack': 100, 'special-defense': 90, 'speed': 90}"
384,rayquaza,70,2065,"dragon, flying",air-lock,"{'hp': 105, 'attack': 150, 'defense': 90, 'special-attack': 150, 'special-defense': 90, 'speed': 95}"
385,jirachi,3,11,"steel, psychic",serene-grace,"{'hp': 100, 'attack': 100, 'defense': 100, 'special-attack': 100, 'special-defense': 100, 'speed': 100}"
386,deoxys-normal,17,608,psychic,pressure,"{'hp': 50, 'attack': 150, 'defense': 50, 'special-attack': 150, 'special-defense': 50, 'speed': 150}"
